2,mailto:legaljobs@justia.com,,,,,
1,https://eepurl.com/dJneqj,,,,,
1,http://jobs.justia.com,,,,,
3,https://www.coinbase.com/careers/positions/2310414,,,,,
3,https://asylumadvocacy.org/jobs-and-internships/#attorney,,,,,
3,https://jobs.lever.co/medium/c0cc933b-2e5b-48d1-bd1a-21c42f188725,,,,,
3,https://www.hellofresh.com/careers/listings/2282694,,,,,
3,https://cboe.wd1.myworkdayjobs.com/en-US/External_Career_CBOE/job/Chicago-IL/Enforcement-Counsel_R-0998,,,,,
3,https://adobe.wd5.myworkdayjobs.com/en-US/external_experienced/job/San-Francisco/Legal-Counsel---Adobe-Stock_86597,,,,,
3,https://jobs.jobvite.com/mercycorps/job/oT5sdfwn,,,,,
3,https://www.edisoncareers.com/ShowJob/Id/976153/Attorney-Customers-Tariffs/sce-brand/sce,,,,,
3,https://lafla.org/opportunities/attorney-right-to-counsel-stay-housed-los-angeles/,,,,,
3,https://jobs-getty.icims.com/jobs/3605/counsel/job,,,,,
3,https://www.roku.com/jobs/position/2293373/director-business-and-legal-affairs-content-acquisition-and-programming-international,,,,,
3,https://www.governmentjobs.com/careers/santamonica/jobs/2846949/general-counsel,,,,,
3,https://usccareers.usc.edu/job/los-angeles/healthcare-counsel/1209/17247706,,,,,
3,https://jobs.localjobnetwork.com/job/detail/42351327/Los-Angeles-Managing-Attorney,,,,,
3,https://www.warnermediacareers.com/job/burbank/senior-counsel-original-programming-scripted/1174/14513419,,,,,
3,https://careersearch.stanford.edu/jobs/associate-dean-for-diversity-equity-and-inclusion-stanford-law-school-10370,,,,,
3,https://www.governmentjobs.com/careers/alamedaca/jobs/2842721/chief-assistant-city-attorney,,,,,
3,https://boards.greenhouse.io/khanacademy/jobs/2307240,,,,,
3,https://www.allbirds.com/pages/careers,,,,,
3,https://careers.blackrock.com/job/11313077/ishares-vice-president-legal-counsel-san-francisco-ca,,,,,
3,https://jobs.apple.com/en-us/details/200186238/legal-counsel-app-store,,,,,
3,https://www.frbsf.org/our-district/careers/experienced-hires/,,,,,
3,https://chu.tbe.taleo.net/chu02/ats/careers/requisition.jsp,,,,,
3,https://www.theselc.org/jobs,,,,,
3,https://www.usajobs.gov/GetJob/ViewDetails/576048300,,,,,
3,https://osse.dc.gov/page/attorney-advisor-0,,,,,
3,https://jobs.marriott.com/corporate/jobs/20050270,,,,,
3,https://lawyerscommittee.org/wp-content/uploads/2020/09/Counsel-Economic-Justice-Special-Litigation-8.2020.pdf,,,,,
3,https://georgetown.wd1.myworkdayjobs.com/en-US/Georgetown_Admin_Careers/job/Law-Center/Executive-Director--Institute-for-Technology-Law-and-Policy---Georgetown-University-Law-Center_JR09316,,,,,
3,https://nwlc.org/job/litigation-fellow/,,,,,
3,https://careers.freddiemac.com/us/en/job/JR686/Senior-Counsel,,,,,
3,https://workforcenow.adp.com/mascsr/default/mdf/recruitment/recruitment.html,,,,,
3,https://careers-luriechildrens.icims.com/jobs/13288/assistant-general-counsel/job,,,,,
3,https://workforcenow.adp.com/mascsr/default/mdf/recruitment/recruitment.html,,,,,
3,https://recruiting.ultipro.com/MET1011METRF/JobBoard/15c3e95c-3b21-790a-16f3-df13fbde06e5/OpportunityDetail,,,,,
3,https://usr58.dayforcehcm.com/CandidatePortal/en-US/aba/Posting/View/1196,,,,,
3,https://careers-ymcachicago.icims.com/jobs/13186/legal-counsel/job,,,,,
3,https://www.clccrul.org/s/EEP-Program-Counsel-JOB-POSTING-August-2020FINAL.pdf,,,,,
3,https://sjobs.brassring.com/TGnewUI/Search/home/HomeWithPreLoad,,,,,
3,https://career5.successfactors.eu/career,,,,,
3,https://www.gbls.org/sites/default/files/2020-08/EHD%20LTT%20Attorney%208-2020.pdf,,,,,
3,https://jobs.merck.com/us/en/job/R51038/Patent-Attorney,,,,,
3,https://modernatx.wd1.myworkdayjobs.com/en-US/M_tx/job/200-Technology-Square---Cambridge---USA---MA/Sr-Corporate-Counsel--Clinical-Development_R2491,,,,,
3,https://earthjustice.org/about/jobs/39450/associate-attorney-sustainable-food-and-farming,,,,,
3,https://phf.tbe.taleo.net/phf02/ats/careers/v2/viewRequisition,,,,,
3,https://bronxda.applicantstack.com/x/detail/a2q700t4ndt6,,,,,
3,https://www.energyhub.com/careers,,,,,
3,https://sjobs.brassring.com/TGnewUI/Search/home/HomeWithPreLoad,,,,,
3,https://www.spotifyjobs.com/job/senior-legal-counsel-label-licensing/,,,,,
3,https://www.paycomonline.net/v4/ats/web.php/jobs/ViewJobDetails,,,,,
3,https://careers.mskcc.org/jobs/job-details/2020-43999-staff-attorney/,,,,,
3,https://capps.taleo.net/careersection/ex/jobdetail.ftl,,,,,
3,https://capps.taleo.net/careersection/ex/jobdetail.ftl,,,,,
3,https://itron.referrals.selectminds.com/jobs/senior-litigation-attorney-3606,,,,,
3,https://recruiting.paylocity.com/recruiting/jobs/Details/341350/Texas-Legal-Services-Center/Staff-Attorney-Crime-Victims,,,,,
3,https://earthjustice.org/about/jobs/39443/associate-attorney-northwest,,,,,
3,https://www.amazon.jobs/en/jobs/1254883/corporate-counsel,,,,,
3,https://jobs.lever.co/radpowerbikes-2/6d61969b-e22f-4260-aada-281d6e537eeb,,,,,
3,https://phe.tbe.taleo.net/phe01/ats/careers/requisition.jsp,,,,,
3,https://supportkind.hrmdirect.com/employment/job-opening.php,,,,,
1,https://www.justia.com/marketing/lawyer-directory/,email,2020-09-16,legal-jobs-newsletter,banner-want-to-view-your-traffic-stats-v1,
1,https://www.justia.com/marketing/,email,2020-09-16,legal-jobs-newsletter,text-learn-more-1,
1,https://www.justia.com/marketing/,,,,,
1,https://www.justia.com/marketing/privacy-policy/,,,,,
1,*|UNSUB|*,,,,,
1,https://www.facebook.com/justia,,,,,
1,https://twitter.com/justiacom,,,,,
1,https://www.linkedin.com/company/justia,,,,,
1,https://lawyers.justia.com/organization/justia-inc-16302,,,,,
1,https://www.justia.com/,,,,,