2,https://www.justia.com/,,,,,
2,https://connect.justia.com/webinars,,,,,
1,https://www.justia.com/foreclosure/,,,,,
1,https://www.justia.com/family/divorce/,,,,,
1,https://www.justia.com/car-accidents/,,,,,
1,https://www.justia.com/injury/,,,,,
1,https://www.justia.com/debt-management/,,,,,
1,https://www.justia.com/insurance/,,,,,
1,https://www.justia.com/legal-guides/,,,,,
1,https://mexico.justia.com/recursos/despachos.html,,,,,
2,https://onward.justia.com/news-notes-on-google-local-services-ads-october-2022/,,,,,
2,https://onward.justia.com/justia-lawyer-directory-by-the-numbers-third-quarter-2022/,,,,,
2,https://onward.justia.com/learn-pay-per-click-advertising-strategies-from-legal-marketers-at-justia/,,,,,
2,https://onward.justia.com/justia-free-resources-employment-law-info-for-all-50-states/,,,,,
3,,,,,,
1,https://www.facebook.com/justia,,,,,
1,https://twitter.com/justiacom,,,,,
1,https://www.linkedin.com/company/justia,,,,,
1,https://lawyers.justia.com/organization/justia-inc-16302,,,,,